message;severity;node;stamp;location
"Oh no! I hit the wall! (Clamping from [x=8.291441, y=-0.028881])";"30";"turtlesim3.sim";"1759168459.492586087";"./src/turtle.cpp:update:260"
"Oh no! I hit the wall! (Clamping from [x=8.167416, y=-0.028881])";"30";"turtlesim3.sim";"1759168459.636344927";"./src/turtle.cpp:update:260"
"Oh no! I hit the wall! (Clamping from [x=8.153635, y=-0.028881])";"30";"turtlesim2.sim";"1759168459.645314640";"./src/turtle.cpp:update:260"
"Oh no! I hit the wall! (Clamping from [x=8.153635, y=-0.028881])";"30";"turtlesim3.sim";"1759168459.652669496";"./src/turtle.cpp:update:260"
"Oh no! I hit the wall! (Clamping from [x=8.139855, y=-0.028881])";"30";"turtlesim2.sim";"1759168459.661576491";"./src/turtle.cpp:update:260"
"Oh no! I hit the wall! (Clamping from [x=8.139855, y=-0.028881])";"30";"turtlesim3.sim";"1759168459.667922862";"./src/turtle.cpp:update:260"
"Oh no! I hit the wall! (Clamping from [x=8.126074, y=-0.028881])";"30";"turtlesim2.sim";"1759168459.677017361";"./src/turtle.cpp:update:260"
"Oh no! I hit the wall! (Clamping from [x=8.126074, y=-0.028881])";"30";"turtlesim3.sim";"1759168459.684908729";"./src/turtle.cpp:update:260"
"Oh no! I hit the wall! (Clamping from [x=8.112294, y=-0.028881])";"30";"turtlesim2.sim";"1759168459.693458510";"./src/turtle.cpp:update:260"
"Oh no! I hit the wall! (Clamping from [x=8.112294, y=-0.028881])";"30";"turtlesim3.sim";"1759168459.700243329";"./src/turtle.cpp:update:260"
"Oh no! I hit the wall! (Clamping from [x=8.098513, y=-0.028881])";"30";"turtlesim2.sim";"1759168459.708916122";"./src/turtle.cpp:update:260"
"Oh no! I hit the wall! (Clamping from [x=8.098513, y=-0.028881])";"30";"turtlesim3.sim";"1759168459.716744652";"./src/turtle.cpp:update:260"
"Oh no! I hit the wall! (Clamping from [x=8.084733, y=-0.028881])";"30";"turtlesim2.sim";"1759168459.725390334";"./src/turtle.cpp:update:260"
"Oh no! I hit the wall! (Clamping from [x=8.084733, y=-0.028881])";"30";"turtlesim3.sim";"1759168459.732071417";"./src/turtle.cpp:update:260"
"Oh no! I hit the wall! (Clamping from [x=8.070952, y=-0.028881])";"30";"turtlesim2.sim";"1759168459.741674356";"./src/turtle.cpp:update:260"
"Oh no! I hit the wall! (Clamping from [x=8.070952, y=-0.028881])";"30";"turtlesim3.sim";"1759168459.748074759";"./src/turtle.cpp:update:260"
"Oh no! I hit the wall! (Clamping from [x=8.057171, y=-0.028881])";"30";"turtlesim2.sim";"1759168459.756938002";"./src/turtle.cpp:update:260"
"Oh no! I hit the wall! (Clamping from [x=8.057171, y=-0.028881])";"30";"turtlesim3.sim";"1759168459.764446056";"./src/turtle.cpp:update:260"
"Oh no! I hit the wall! (Clamping from [x=8.002049, y=-0.028881])";"30";"turtlesim3.sim";"1759168459.828844653";"./src/turtle.cpp:update:260"
"Oh no! I hit the wall! (Clamping from [x=7.988269, y=-0.028881])";"30";"turtlesim2.sim";"1759168459.837782106";"./src/turtle.cpp:update:260"
"Oh no! I hit the wall! (Clamping from [x=7.988269, y=-0.028881])";"30";"turtlesim3.sim";"1759168459.844082991";"./src/turtle.cpp:update:260"
"Oh no! I hit the wall! (Clamping from [x=7.974488, y=-0.028881])";"30";"turtlesim2.sim";"1759168459.853641767";"./src/turtle.cpp:update:260"
"Oh no! I hit the wall! (Clamping from [x=7.974488, y=-0.028881])";"30";"turtlesim3.sim";"1759168459.860146667";"./src/turtle.cpp:update:260"
"Oh no! I hit the wall! (Clamping from [x=7.960708, y=-0.028881])";"30";"turtlesim2.sim";"1759168459.869111762";"./src/turtle.cpp:update:260"
"Oh no! I hit the wall! (Clamping from [x=7.960708, y=-0.028881])";"30";"turtlesim3.sim";"1759168459.876372510";"./src/turtle.cpp:update:260"
"Oh no! I hit the wall! (Clamping from [x=7.946927, y=-0.028881])";"30";"turtlesim2.sim";"1759168459.885767176";"./src/turtle.cpp:update:260"
"Oh no! I hit the wall! (Clamping from [x=7.946927, y=-0.028881])";"30";"turtlesim3.sim";"1759168459.892646784";"./src/turtle.cpp:update:260"
"Oh no! I hit the wall! (Clamping from [x=7.933147, y=-0.028881])";"30";"turtlesim2.sim";"1759168459.901075506";"./src/turtle.cpp:update:260"
"Oh no! I hit the wall! (Clamping from [x=7.933147, y=-0.028881])";"30";"turtlesim3.sim";"1759168459.908116018";"./src/turtle.cpp:update:260"
"Oh no! I hit the wall! (Clamping from [x=7.919366, y=-0.028881])";"30";"turtlesim2.sim";"1759168459.917516365";"./src/turtle.cpp:update:260"
"Oh no! I hit the wall! (Clamping from [x=7.864244, y=-0.028881])";"30";"turtlesim3.sim";"1759168459.988225364";"./src/turtle.cpp:update:260"
"Oh no! I hit the wall! (Clamping from [x=7.850463, y=-0.028881])";"30";"turtlesim2.sim";"1759168459.997285238";"./src/turtle.cpp:update:260"
"Oh no! I hit the wall! (Clamping from [x=7.850463, y=-0.028881])";"30";"turtlesim3.sim";"1759168460.004471385";"./src/turtle.cpp:update:260"
"Oh no! I hit the wall! (Clamping from [x=7.836683, y=-0.028881])";"30";"turtlesim2.sim";"1759168460.013805004";"./src/turtle.cpp:update:260"
"Oh no! I hit the wall! (Clamping from [x=7.836683, y=-0.028881])";"30";"turtlesim3.sim";"1759168460.020290397";"./src/turtle.cpp:update:260"
"Oh no! I hit the wall! (Clamping from [x=7.822902, y=-0.028881])";"30";"turtlesim2.sim";"1759168460.029454195";"./src/turtle.cpp:update:260"
"Oh no! I hit the wall! (Clamping from [x=7.822902, y=-0.028881])";"30";"turtlesim3.sim";"1759168460.036873320";"./src/turtle.cpp:update:260"
"Oh no! I hit the wall! (Clamping from [x=7.809122, y=-0.028881])";"30";"turtlesim2.sim";"1759168460.044991705";"./src/turtle.cpp:update:260"
"Oh no! I hit the wall! (Clamping from [x=7.809122, y=-0.028881])";"30";"turtlesim3.sim";"1759168460.052321662";"./src/turtle.cpp:update:260"
"Oh no! I hit the wall! (Clamping from [x=7.795341, y=-0.028881])";"30";"turtlesim2.sim";"1759168460.061397464";"./src/turtle.cpp:update:260"
"Oh no! I hit the wall! (Clamping from [x=7.795341, y=-0.028881])";"30";"turtlesim3.sim";"1759168460.068749793";"./src/turtle.cpp:update:260"
"Oh no! I hit the wall! (Clamping from [x=7.781561, y=-0.028881])";"30";"turtlesim2.sim";"1759168460.077014474";"./src/turtle.cpp:update:260"
"Oh no! I hit the wall! (Clamping from [x=7.781561, y=-0.028881])";"30";"turtlesim3.sim";"1759168460.084059813";"./src/turtle.cpp:update:260"
"Oh no! I hit the wall! (Clamping from [x=7.767780, y=-0.028881])";"30";"turtlesim2.sim";"1759168460.093419481";"./src/turtle.cpp:update:260"
"Oh no! I hit the wall! (Clamping from [x=7.767780, y=-0.028881])";"30";"turtlesim3.sim";"1759168460.100219217";"./src/turtle.cpp:update:260"
"Oh no! I hit the wall! (Clamping from [x=7.754000, y=-0.028881])";"30";"turtlesim2.sim";"1759168460.108876940";"./src/turtle.cpp:update:260"
"Oh no! I hit the wall! (Clamping from [x=7.754000, y=-0.028881])";"30";"turtlesim3.sim";"1759168460.116547991";"./src/turtle.cpp:update:260"
"Oh no! I hit the wall! (Clamping from [x=7.740219, y=-0.028881])";"30";"turtlesim2.sim";"1759168460.125294121";"./src/turtle.cpp:update:260"
"Oh no! I hit the wall! (Clamping from [x=7.740219, y=-0.028881])";"30";"turtlesim3.sim";"1759168460.132874500";"./src/turtle.cpp:update:260"
"Oh no! I hit the wall! (Clamping from [x=7.726439, y=-0.028881])";"30";"turtlesim2.sim";"1759168460.141671225";"./src/turtle.cpp:update:260"
"Oh no! I hit the wall! (Clamping from [x=7.726439, y=-0.028881])";"30";"turtlesim3.sim";"1759168460.148410747";"./src/turtle.cpp:update:260"
"Oh no! I hit the wall! (Clamping from [x=7.712658, y=-0.028881])";"30";"turtlesim2.sim";"1759168460.156994531";"./src/turtle.cpp:update:260"
"Oh no! I hit the wall! (Clamping from [x=7.712658, y=-0.028881])";"30";"turtlesim3.sim";"1759168460.164823560";"./src/turtle.cpp:update:260"
"Oh no! I hit the wall! (Clamping from [x=7.698878, y=-0.028881])";"30";"turtlesim2.sim";"1759168460.173519075";"./src/turtle.cpp:update:260"
"Oh no! I hit the wall! (Clamping from [x=7.698878, y=-0.028881])";"30";"turtlesim3.sim";"1759168460.180164830";"./src/turtle.cpp:update:260"
"Oh no! I hit the wall! (Clamping from [x=7.685097, y=-0.028881])";"30";"turtlesim3.sim";"1759168460.196750288";"./src/turtle.cpp:update:260"
"Oh no! I hit the wall! (Clamping from [x=7.671317, y=-0.028881])";"30";"turtlesim2.sim";"1759168460.205044835";"./src/turtle.cpp:update:260"
"Oh no! I hit the wall! (Clamping from [x=7.671317, y=-0.028881])";"30";"turtlesim3.sim";"1759168460.212045300";"./src/turtle.cpp:update:260"
"Oh no! I hit the wall! (Clamping from [x=7.657536, y=-0.028881])";"30";"turtlesim2.sim";"1759168460.220916746";"./src/turtle.cpp:update:260"
"Oh no! I hit the wall! (Clamping from [x=7.657536, y=-0.028881])";"30";"turtlesim3.sim";"1759168460.228346652";"./src/turtle.cpp:update:260"
"Oh no! I hit the wall! (Clamping from [x=7.643755, y=-0.028881])";"30";"turtlesim2.sim";"1759168460.237544815";"./src/turtle.cpp:update:260"
"Oh no! I hit the wall! (Clamping from [x=7.643755, y=-0.028881])";"30";"turtlesim3.sim";"1759168460.244730369";"./src/turtle.cpp:update:260"
"Oh no! I hit the wall! (Clamping from [x=7.629975, y=-0.028881])";"30";"turtlesim2.sim";"1759168460.253086773";"./src/turtle.cpp:update:260"
"Oh no! I hit the wall! (Clamping from [x=7.629975, y=-0.028881])";"30";"turtlesim3.sim";"1759168460.260052923";"./src/turtle.cpp:update:260"
"Oh no! I hit the wall! (Clamping from [x=7.616194, y=-0.028881])";"30";"turtlesim2.sim";"1759168460.269556623";"./src/turtle.cpp:update:260"
"Oh no! I hit the wall! (Clamping from [x=7.588633, y=-0.028881])";"30";"turtlesim2.sim";"1759168460.301637612";"./src/turtle.cpp:update:260"
"Oh no! I hit the wall! (Clamping from [x=7.588633, y=-0.028881])";"30";"turtlesim3.sim";"1759168460.308333732";"./src/turtle.cpp:update:260"
"Oh no! I hit the wall! (Clamping from [x=7.574853, y=-0.028881])";"30";"turtlesim2.sim";"1759168460.317211020";"./src/turtle.cpp:update:260"
"Oh no! I hit the wall! (Clamping from [x=7.574853, y=-0.028881])";"30";"turtlesim3.sim";"1759168460.324694085";"./src/turtle.cpp:update:260"
"Oh no! I hit the wall! (Clamping from [x=7.561072, y=-0.028881])";"30";"turtlesim2.sim";"1759168460.333641155";"./src/turtle.cpp:update:260"
"Oh no! I hit the wall! (Clamping from [x=7.561072, y=-0.028881])";"30";"turtlesim3.sim";"1759168460.340140363";"./src/turtle.cpp:update:260"
"Oh no! I hit the wall! (Clamping from [x=7.547292, y=-0.028881])";"30";"turtlesim2.sim";"1759168460.349114955";"./src/turtle.cpp:update:260"
"Oh no! I hit the wall! (Clamping from [x=7.547292, y=-0.028881])";"30";"turtlesim3.sim";"1759168460.356095201";"./src/turtle.cpp:update:260"
"Oh no! I hit the wall! (Clamping from [x=7.533511, y=-0.028881])";"30";"turtlesim2.sim";"1759168460.365518930";"./src/turtle.cpp:update:260"
"Oh no! I hit the wall! (Clamping from [x=7.519731, y=-0.028881])";"30";"turtlesim2.sim";"1759168460.381058684";"./src/turtle.cpp:update:260"
"Oh no! I hit the wall! (Clamping from [x=7.519731, y=-0.028881])";"30";"turtlesim3.sim";"1759168460.388674411";"./src/turtle.cpp:update:260"
"Oh no! I hit the wall! (Clamping from [x=7.505950, y=-0.028881])";"30";"turtlesim2.sim";"1759168460.397430940";"./src/turtle.cpp:update:260"
"Oh no! I hit the wall! (Clamping from [x=7.505950, y=-0.028881])";"30";"turtlesim3.sim";"1759168460.404559076";"./src/turtle.cpp:update:260"
"Oh no! I hit the wall! (Clamping from [x=7.492170, y=-0.028881])";"30";"turtlesim2.sim";"1759168460.412881015";"./src/turtle.cpp:update:260"
"Oh no! I hit the wall! (Clamping from [x=7.492170, y=-0.028881])";"30";"turtlesim3.sim";"1759168460.420335777";"./src/turtle.cpp:update:260"
"Oh no! I hit the wall! (Clamping from [x=7.478389, y=-0.028881])";"30";"turtlesim2.sim";"1759168460.429216060";"./src/turtle.cpp:update:260"
"Oh no! I hit the wall! (Clamping from [x=7.478389, y=-0.028881])";"30";"turtlesim3.sim";"1759168460.435944782";"./src/turtle.cpp:update:260"
"Oh no! I hit the wall! (Clamping from [x=7.464608, y=-0.028881])";"30";"turtlesim2.sim";"1759168460.445658108";"./src/turtle.cpp:update:260"
"Oh no! I hit the wall! (Clamping from [x=7.464608, y=-0.028881])";"30";"turtlesim3.sim";"1759168460.452275920";"./src/turtle.cpp:update:260"
"Oh no! I hit the wall! (Clamping from [x=7.450828, y=-0.028881])";"30";"turtlesim2.sim";"1759168460.460987294";"./src/turtle.cpp:update:260"
"Oh no! I hit the wall! (Clamping from [x=7.450828, y=-0.028881])";"30";"turtlesim3.sim";"1759168460.468818938";"./src/turtle.cpp:update:260"
"Oh no! I hit the wall! (Clamping from [x=6.779026, y=-0.000657])";"30";"turtlesim1.sim";"1759168458.227084454";"./src/turtle.cpp:update:260"
"Oh no! I hit the wall! (Clamping from [x=6.544757, y=-0.028881])";"30";"turtlesim1.sim";"1759168459.571203337";"./src/turtle.cpp:update:260"
"Oh no! I hit the wall! (Clamping from [x=6.475855, y=-0.028881])";"30";"turtlesim1.sim";"1759168459.650704506";"./src/turtle.cpp:update:260"
"Oh no! I hit the wall! (Clamping from [x=6.462074, y=-0.028881])";"30";"turtlesim1.sim";"1759168459.667125427";"./src/turtle.cpp:update:260"
"Oh no! I hit the wall! (Clamping from [x=6.448294, y=-0.028881])";"30";"turtlesim1.sim";"1759168459.682726590";"./src/turtle.cpp:update:260"
"Oh no! I hit the wall! (Clamping from [x=6.434513, y=-0.028881])";"30";"turtlesim1.sim";"1759168459.699136389";"./src/turtle.cpp:update:260"
"Oh no! I hit the wall! (Clamping from [x=6.420733, y=-0.028881])";"30";"turtlesim1.sim";"1759168459.714536744";"./src/turtle.cpp:update:260"
"Oh no! I hit the wall! (Clamping from [x=6.406952, y=-0.028881])";"30";"turtlesim1.sim";"1759168459.731107517";"./src/turtle.cpp:update:260"
"Oh no! I hit the wall! (Clamping from [x=6.393171, y=-0.028881])";"30";"turtlesim1.sim";"1759168459.746834568";"./src/turtle.cpp:update:260"
"Oh no! I hit the wall! (Clamping from [x=6.379391, y=-0.028881])";"30";"turtlesim1.sim";"1759168459.763161752";"./src/turtle.cpp:update:260"
"Oh no! I hit the wall! (Clamping from [x=6.324269, y=-0.028881])";"30";"turtlesim1.sim";"1759168459.826796757";"./src/turtle.cpp:update:260"
"Oh no! I hit the wall! (Clamping from [x=6.310488, y=-0.028881])";"30";"turtlesim1.sim";"1759168459.843150771";"./src/turtle.cpp:update:260"
"Oh no! I hit the wall! (Clamping from [x=6.296708, y=-0.028881])";"30";"turtlesim1.sim";"1759168459.859003189";"./src/turtle.cpp:update:260"
"Oh no! I hit the wall! (Clamping from [x=6.282927, y=-0.028881])";"30";"turtlesim1.sim";"1759168459.874346044";"./src/turtle.cpp:update:260"
"Oh no! I hit the wall! (Clamping from [x=6.269147, y=-0.028881])";"30";"turtlesim1.sim";"1759168459.891018219";"./src/turtle.cpp:update:260"
"Oh no! I hit the wall! (Clamping from [x=6.255366, y=-0.028881])";"30";"turtlesim1.sim";"1759168459.906678243";"./src/turtle.cpp:update:260"
"Oh no! I hit the wall! (Clamping from [x=6.241586, y=-0.028881])";"30";"turtlesim1.sim";"1759168459.922325864";"./src/turtle.cpp:update:260"
"Oh no! I hit the wall! (Clamping from [x=6.186463, y=-0.028881])";"30";"turtlesim1.sim";"1759168459.986430706";"./src/turtle.cpp:update:260"
"Oh no! I hit the wall! (Clamping from [x=6.172683, y=-0.028881])";"30";"turtlesim1.sim";"1759168460.003189184";"./src/turtle.cpp:update:260"
"Oh no! I hit the wall! (Clamping from [x=6.158902, y=-0.028881])";"30";"turtlesim1.sim";"1759168460.018925570";"./src/turtle.cpp:update:260"
"Oh no! I hit the wall! (Clamping from [x=6.145122, y=-0.028881])";"30";"turtlesim1.sim";"1759168460.034479942";"./src/turtle.cpp:update:260"
"Oh no! I hit the wall! (Clamping from [x=6.131341, y=-0.028881])";"30";"turtlesim1.sim";"1759168460.051043619";"./src/turtle.cpp:update:260"
"Oh no! I hit the wall! (Clamping from [x=6.117561, y=-0.028881])";"30";"turtlesim1.sim";"1759168460.066307993";"./src/turtle.cpp:update:260"
"Oh no! I hit the wall! (Clamping from [x=6.103780, y=-0.028881])";"30";"turtlesim1.sim";"1759168460.083179301";"./src/turtle.cpp:update:260"
"Oh no! I hit the wall! (Clamping from [x=6.090000, y=-0.028881])";"30";"turtlesim1.sim";"1759168460.098972223";"./src/turtle.cpp:update:260"
"Oh no! I hit the wall! (Clamping from [x=6.076219, y=-0.028881])";"30";"turtlesim1.sim";"1759168460.114499925";"./src/turtle.cpp:update:260"
"Oh no! I hit the wall! (Clamping from [x=6.062439, y=-0.028881])";"30";"turtlesim1.sim";"1759168460.131259812";"./src/turtle.cpp:update:260"
"Oh no! I hit the wall! (Clamping from [x=6.048658, y=-0.028881])";"30";"turtlesim1.sim";"1759168460.146863276";"./src/turtle.cpp:update:260"
"Oh no! I hit the wall! (Clamping from [x=6.034878, y=-0.028881])";"30";"turtlesim1.sim";"1759168460.162222430";"./src/turtle.cpp:update:260"
"Oh no! I hit the wall! (Clamping from [x=6.021097, y=-0.028881])";"30";"turtlesim1.sim";"1759168460.178601659";"./src/turtle.cpp:update:260"
"Oh no! I hit the wall! (Clamping from [x=5.993536, y=-0.028881])";"30";"turtlesim1.sim";"1759168460.210550789";"./src/turtle.cpp:update:260"
"Oh no! I hit the wall! (Clamping from [x=5.979755, y=-0.028881])";"30";"turtlesim1.sim";"1759168460.226929877";"./src/turtle.cpp:update:260"
"Oh no! I hit the wall! (Clamping from [x=5.965975, y=-0.028881])";"30";"turtlesim1.sim";"1759168460.242439024";"./src/turtle.cpp:update:260"
"Oh no! I hit the wall! (Clamping from [x=5.952194, y=-0.028881])";"30";"turtlesim1.sim";"1759168460.258944331";"./src/turtle.cpp:update:260"
"Oh no! I hit the wall! (Clamping from [x=5.938414, y=-0.028881])";"30";"turtlesim1.sim";"1759168460.274482171";"./src/turtle.cpp:update:260"
"Oh no! I hit the wall! (Clamping from [x=5.910853, y=-0.028881])";"30";"turtlesim1.sim";"1759168460.306496885";"./src/turtle.cpp:update:260"
"Oh no! I hit the wall! (Clamping from [x=5.897072, y=-0.028881])";"30";"turtlesim1.sim";"1759168460.323052837";"./src/turtle.cpp:update:260"
"Oh no! I hit the wall! (Clamping from [x=5.883292, y=-0.028881])";"30";"turtlesim1.sim";"1759168460.338640201";"./src/turtle.cpp:update:260"
"Oh no! I hit the wall! (Clamping from [x=5.869511, y=-0.028881])";"30";"turtlesim1.sim";"1759168460.354523094";"./src/turtle.cpp:update:260"
"Oh no! I hit the wall! (Clamping from [x=5.841950, y=-0.028881])";"30";"turtlesim1.sim";"1759168460.386720121";"./src/turtle.cpp:update:260"
"Oh no! I hit the wall! (Clamping from [x=5.828170, y=-0.028881])";"30";"turtlesim1.sim";"1759168460.403335817";"./src/turtle.cpp:update:260"
"Oh no! I hit the wall! (Clamping from [x=5.814389, y=-0.028881])";"30";"turtlesim1.sim";"1759168460.419034381";"./src/turtle.cpp:update:260"
"Oh no! I hit the wall! (Clamping from [x=5.800608, y=-0.028881])";"30";"turtlesim1.sim";"1759168460.434546062";"./src/turtle.cpp:update:260"
"Oh no! I hit the wall! (Clamping from [x=5.786828, y=-0.028881])";"30";"turtlesim1.sim";"1759168460.450960357";"./src/turtle.cpp:update:260"
"Oh no! I hit the wall! (Clamping from [x=11.120889, y=5.544445])";"30";"turtlesim1.sim";"1759168350.754741964";"./src/turtle.cpp:update:260"
"Oh no! I hit the wall! (Clamping from [x=11.120889, y=5.544445])";"30";"turtlesim2.sim";"1759168350.765532122";"./src/turtle.cpp:update:260"
"Oh no! I hit the wall! (Clamping from [x=11.120889, y=5.544445])";"30";"turtlesim1.sim";"1759168350.771310311";"./src/turtle.cpp:update:260"
"Oh no! I hit the wall! (Clamping from [x=11.120889, y=5.544445])";"30";"turtlesim3.sim";"1759168350.772404503";"./src/turtle.cpp:update:260"
"Oh no! I hit the wall! (Clamping from [x=11.120889, y=5.544445])";"30";"turtlesim2.sim";"1759168350.781054339";"./src/turtle.cpp:update:260"
"Oh no! I hit the wall! (Clamping from [x=11.120889, y=5.544445])";"30";"turtlesim1.sim";"1759168350.786972477";"./src/turtle.cpp:update:260"
"Oh no! I hit the wall! (Clamping from [x=11.120889, y=5.544445])";"30";"turtlesim3.sim";"1759168350.788854222";"./src/turtle.cpp:update:260"
"Oh no! I hit the wall! (Clamping from [x=11.120889, y=5.544445])";"30";"turtlesim2.sim";"1759168350.797827970";"./src/turtle.cpp:update:260"
"Oh no! I hit the wall! (Clamping from [x=11.120889, y=5.544445])";"30";"turtlesim1.sim";"1759168350.802702134";"./src/turtle.cpp:update:260"
"Oh no! I hit the wall! (Clamping from [x=11.120889, y=5.544445])";"30";"turtlesim3.sim";"1759168350.804336623";"./src/turtle.cpp:update:260"
"Oh no! I hit the wall! (Clamping from [x=11.120889, y=5.544445])";"30";"turtlesim2.sim";"1759168350.813371589";"./src/turtle.cpp:update:260"
"Oh no! I hit the wall! (Clamping from [x=11.120889, y=5.544445])";"30";"turtlesim1.sim";"1759168350.819237297";"./src/turtle.cpp:update:260"
"Oh no! I hit the wall! (Clamping from [x=11.120889, y=5.544445])";"30";"turtlesim3.sim";"1759168350.820863631";"./src/turtle.cpp:update:260"
"Oh no! I hit the wall! (Clamping from [x=11.120889, y=5.544445])";"30";"turtlesim2.sim";"1759168350.829870623";"./src/turtle.cpp:update:260"
"Oh no! I hit the wall! (Clamping from [x=11.120889, y=5.544445])";"30";"turtlesim1.sim";"1759168350.834783200";"./src/turtle.cpp:update:260"
"Oh no! I hit the wall! (Clamping from [x=11.120889, y=5.544445])";"30";"turtlesim2.sim";"1759168350.893896404";"./src/turtle.cpp:update:260"
"Oh no! I hit the wall! (Clamping from [x=11.120889, y=5.544445])";"30";"turtlesim1.sim";"1759168350.898966424";"./src/turtle.cpp:update:260"
"Oh no! I hit the wall! (Clamping from [x=11.120889, y=5.544445])";"30";"turtlesim2.sim";"1759168350.909414775";"./src/turtle.cpp:update:260"
"Oh no! I hit the wall! (Clamping from [x=11.120889, y=5.544445])";"30";"turtlesim1.sim";"1759168350.914475376";"./src/turtle.cpp:update:260"
"Oh no! I hit the wall! (Clamping from [x=11.120889, y=5.544445])";"30";"turtlesim3.sim";"1759168350.916709047";"./src/turtle.cpp:update:260"
"Oh no! I hit the wall! (Clamping from [x=11.120889, y=5.544445])";"30";"turtlesim2.sim";"1759168350.925890343";"./src/turtle.cpp:update:260"
"Oh no! I hit the wall! (Clamping from [x=11.120889, y=5.544445])";"30";"turtlesim1.sim";"1759168350.931010399";"./src/turtle.cpp:update:260"
"Oh no! I hit the wall! (Clamping from [x=11.120889, y=5.544445])";"30";"turtlesim3.sim";"1759168350.932134077";"./src/turtle.cpp:update:260"
"Oh no! I hit the wall! (Clamping from [x=11.120889, y=5.544445])";"30";"turtlesim2.sim";"1759168350.941405448";"./src/turtle.cpp:update:260"
"Oh no! I hit the wall! (Clamping from [x=11.120889, y=5.544445])";"30";"turtlesim1.sim";"1759168350.946555611";"./src/turtle.cpp:update:260"
"Oh no! I hit the wall! (Clamping from [x=11.120889, y=5.544445])";"30";"turtlesim3.sim";"1759168350.948556644";"./src/turtle.cpp:update:260"
"Oh no! I hit the wall! (Clamping from [x=11.120889, y=5.544445])";"30";"turtlesim2.sim";"1759168350.956889141";"./src/turtle.cpp:update:260"
"Oh no! I hit the wall! (Clamping from [x=11.120889, y=5.544445])";"30";"turtlesim1.sim";"1759168350.963060807";"./src/turtle.cpp:update:260"
"Oh no! I hit the wall! (Clamping from [x=11.120889, y=5.544445])";"30";"turtlesim3.sim";"1759168350.964075696";"./src/turtle.cpp:update:260"
"Oh no! I hit the wall! (Clamping from [x=11.120889, y=5.544445])";"30";"turtlesim2.sim";"1759168350.973391882";"./src/turtle.cpp:update:260"
"Oh no! I hit the wall! (Clamping from [x=11.120889, y=5.544445])";"30";"turtlesim2.sim";"1759168350.989198566";"./src/turtle.cpp:update:260"
"Oh no! I hit the wall! (Clamping from [x=11.120889, y=5.544445])";"30";"turtlesim3.sim";"1759168351.060773724";"./src/turtle.cpp:update:260"
"Oh no! I hit the wall! (Clamping from [x=11.120889, y=5.544445])";"30";"turtlesim1.sim";"1759168351.202830696";"./src/turtle.cpp:update:260"
"Oh no! I hit the wall! (Clamping from [x=11.120889, y=5.544445])";"30";"turtlesim3.sim";"1759168351.236148483";"./src/turtle.cpp:update:260"
"Oh no! I hit the wall! (Clamping from [x=11.120889, y=5.544445])";"30";"turtlesim2.sim";"1759168351.469587196";"./src/turtle.cpp:update:260"
"Oh no! I hit the wall! (Clamping from [x=11.120889, y=5.544445])";"30";"turtlesim1.sim";"1759168351.474409377";"./src/turtle.cpp:update:260"
"Oh no! I hit the wall! (Clamping from [x=11.120889, y=5.544445])";"30";"turtlesim3.sim";"1759168351.476573412";"./src/turtle.cpp:update:260"
"Oh no! I hit the wall! (Clamping from [x=11.120889, y=5.544445])";"30";"turtlesim2.sim";"1759168351.485167728";"./src/turtle.cpp:update:260"
"Oh no! I hit the wall! (Clamping from [x=11.120889, y=5.544445])";"30";"turtlesim1.sim";"1759168351.490969831";"./src/turtle.cpp:update:260"
"Oh no! I hit the wall! (Clamping from [x=11.120889, y=5.544445])";"30";"turtlesim3.sim";"1759168351.588064733";"./src/turtle.cpp:update:260"
"Oh no! I hit the wall! (Clamping from [x=11.120889, y=5.544445])";"30";"turtlesim2.sim";"1759168351.596948154";"./src/turtle.cpp:update:260"
"Oh no! I hit the wall! (Clamping from [x=11.120889, y=5.544445])";"30";"turtlesim1.sim";"1759168351.602999856";"./src/turtle.cpp:update:260"
"Oh no! I hit the wall! (Clamping from [x=11.120889, y=5.544445])";"30";"turtlesim3.sim";"1759168351.604496721";"./src/turtle.cpp:update:260"
"Oh no! I hit the wall! (Clamping from [x=11.120889, y=5.544445])";"30";"turtlesim2.sim";"1759168351.613477509";"./src/turtle.cpp:update:260"
"Oh no! I hit the wall! (Clamping from [x=11.120889, y=5.544445])";"30";"turtlesim1.sim";"1759168351.618514312";"./src/turtle.cpp:update:260"
"Oh no! I hit the wall! (Clamping from [x=11.120889, y=5.544445])";"30";"turtlesim3.sim";"1759168351.619974637";"./src/turtle.cpp:update:260"
"Oh no! I hit the wall! (Clamping from [x=11.120889, y=5.544445])";"30";"turtlesim2.sim";"1759168351.629010620";"./src/turtle.cpp:update:260"
"Oh no! I hit the wall! (Clamping from [x=11.120889, y=5.544445])";"30";"turtlesim1.sim";"1759168351.635049238";"./src/turtle.cpp:update:260"
"Oh no! I hit the wall! (Clamping from [x=11.120889, y=5.544445])";"30";"turtlesim3.sim";"1759168351.636411323";"./src/turtle.cpp:update:260"
"Oh no! I hit the wall! (Clamping from [x=11.120889, y=5.544445])";"30";"turtlesim2.sim";"1759168351.645539895";"./src/turtle.cpp:update:260"
"Oh no! I hit the wall! (Clamping from [x=11.120889, y=5.544445])";"30";"turtlesim1.sim";"1759168351.650649528";"./src/turtle.cpp:update:260"
"Oh no! I hit the wall! (Clamping from [x=11.120889, y=5.544445])";"30";"turtlesim3.sim";"1759168351.652867378";"./src/turtle.cpp:update:260"
"Oh no! I hit the wall! (Clamping from [x=11.120889, y=5.544445])";"30";"turtlesim2.sim";"1759168351.661078487";"./src/turtle.cpp:update:260"
"Oh no! I hit the wall! (Clamping from [x=11.120889, y=5.544445])";"30";"turtlesim1.sim";"1759168351.667318581";"./src/turtle.cpp:update:260"
"Oh no! I hit the wall! (Clamping from [x=11.120889, y=5.544445])";"30";"turtlesim3.sim";"1759168351.668362346";"./src/turtle.cpp:update:260"
"Oh no! I hit the wall! (Clamping from [x=11.120889, y=5.544445])";"30";"turtlesim2.sim";"1759168351.693069907";"./src/turtle.cpp:update:260"
"Oh no! I hit the wall! (Clamping from [x=11.120889, y=5.544445])";"30";"turtlesim1.sim";"1759168351.698319900";"./src/turtle.cpp:update:260"
"Oh no! I hit the wall! (Clamping from [x=11.120889, y=5.544445])";"30";"turtlesim3.sim";"1759168351.700306876";"./src/turtle.cpp:update:260"
"Oh no! I hit the wall! (Clamping from [x=11.120889, y=5.544445])";"30";"turtlesim2.sim";"1759168351.709642745";"./src/turtle.cpp:update:260"
"Oh no! I hit the wall! (Clamping from [x=11.120889, y=5.544445])";"30";"turtlesim1.sim";"1759168351.714839736";"./src/turtle.cpp:update:260"
"Oh no! I hit the wall! (Clamping from [x=11.120889, y=5.544445])";"30";"turtlesim3.sim";"1759168351.716865427";"./src/turtle.cpp:update:260"
"Oh no! I hit the wall! (Clamping from [x=11.120889, y=5.544445])";"30";"turtlesim2.sim";"1759168351.725203209";"./src/turtle.cpp:update:260"
"Oh no! I hit the wall! (Clamping from [x=11.120889, y=5.544445])";"30";"turtlesim1.sim";"1759168351.730360895";"./src/turtle.cpp:update:260"
"Oh no! I hit the wall! (Clamping from [x=11.120889, y=5.544445])";"30";"turtlesim3.sim";"1759168351.732314266";"./src/turtle.cpp:update:260"
"Oh no! I hit the wall! (Clamping from [x=11.120889, y=5.544445])";"30";"turtlesim2.sim";"1759168351.741700974";"./src/turtle.cpp:update:260"
"Oh no! I hit the wall! (Clamping from [x=11.120889, y=5.544445])";"30";"turtlesim1.sim";"1759168351.746878176";"./src/turtle.cpp:update:260"
"Oh no! I hit the wall! (Clamping from [x=11.120889, y=5.544445])";"30";"turtlesim3.sim";"1759168351.748773076";"./src/turtle.cpp:update:260"
"Oh no! I hit the wall! (Clamping from [x=11.120889, y=5.544445])";"30";"turtlesim1.sim";"1759168351.843102968";"./src/turtle.cpp:update:260"
"Oh no! I hit the wall! (Clamping from [x=11.120889, y=5.544445])";"30";"turtlesim3.sim";"1759168352.020400051";"./src/turtle.cpp:update:260"
"Oh no! I hit the wall! (Clamping from [x=11.120889, y=5.544445])";"30";"turtlesim1.sim";"1759168352.066818969";"./src/turtle.cpp:update:260"
"Oh no! I hit the wall! (Clamping from [x=11.120889, y=5.544445])";"30";"turtlesim2.sim";"1759168352.109767513";"./src/turtle.cpp:update:260"
"Oh no! I hit the wall! (Clamping from [x=11.120889, y=5.544445])";"30";"turtlesim1.sim";"1759168352.114347456";"./src/turtle.cpp:update:260"
"Oh no! I hit the wall! (Clamping from [x=11.120889, y=5.544445])";"30";"turtlesim3.sim";"1759168352.116658163";"./src/turtle.cpp:update:260"
"Oh no! I hit the wall! (Clamping from [x=11.120889, y=5.544445])";"30";"turtlesim2.sim";"1759168352.125179795";"./src/turtle.cpp:update:260"
"Oh no! I hit the wall! (Clamping from [x=11.120889, y=5.544445])";"30";"turtlesim1.sim";"1759168352.130823321";"./src/turtle.cpp:update:260"
"Oh no! I hit the wall! (Clamping from [x=11.120889, y=5.544445])";"30";"turtlesim3.sim";"1759168352.132032533";"./src/turtle.cpp:update:260"
"Oh no! I hit the wall! (Clamping from [x=11.120889, y=5.544445])";"30";"turtlesim2.sim";"1759168352.141586617";"./src/turtle.cpp:update:260"
"Oh no! I hit the wall! (Clamping from [x=11.120889, y=5.544445])";"30";"turtlesim1.sim";"1759168352.226402109";"./src/turtle.cpp:update:260"
"Oh no! I hit the wall! (Clamping from [x=11.120889, y=5.544445])";"30";"turtlesim2.sim";"1759168352.524888011";"./src/turtle.cpp:update:260"
"Oh no! I hit the wall! (Clamping from [x=11.120889, y=5.544445])";"30";"turtlesim1.sim";"1759168352.547095871";"./src/turtle.cpp:update:260"
"Oh no! I hit the wall! (Clamping from [x=11.120889, y=5.544445])";"30";"turtlesim3.sim";"1759168352.548283912";"./src/turtle.cpp:update:260"
"Oh no! I hit the wall! (Clamping from [x=11.120889, y=5.544445])";"30";"turtlesim2.sim";"1759168352.557625659";"./src/turtle.cpp:update:260"
"Oh no! I hit the wall! (Clamping from [x=11.120889, y=5.544445])";"30";"turtlesim1.sim";"1759168352.562569221";"./src/turtle.cpp:update:260"
"Oh no! I hit the wall! (Clamping from [x=11.120889, y=5.544445])";"30";"turtlesim3.sim";"1759168352.564645147";"./src/turtle.cpp:update:260"
"Oh no! I hit the wall! (Clamping from [x=11.120889, y=5.544445])";"30";"turtlesim2.sim";"1759168352.621391714";"./src/turtle.cpp:update:260"
"Oh no! I hit the wall! (Clamping from [x=11.120889, y=5.544445])";"30";"turtlesim3.sim";"1759168352.628242148";"./src/turtle.cpp:update:260"
"Oh no! I hit the wall! (Clamping from [x=11.120889, y=5.544445])";"30";"turtlesim2.sim";"1759168352.637798777";"./src/turtle.cpp:update:260"
"Oh no! I hit the wall! (Clamping from [x=11.120889, y=5.544445])";"30";"turtlesim3.sim";"1759168352.644596148";"./src/turtle.cpp:update:260"
"Oh no! I hit the wall! (Clamping from [x=11.120889, y=5.544445])";"30";"turtlesim2.sim";"1759168352.653231358";"./src/turtle.cpp:update:260"
"Oh no! I hit the wall! (Clamping from [x=11.120889, y=5.544445])";"30";"turtlesim3.sim";"1759168352.659980177";"./src/turtle.cpp:update:260"
"Oh no! I hit the wall! (Clamping from [x=11.120889, y=5.544445])";"30";"turtlesim2.sim";"1759168352.669701843";"./src/turtle.cpp:update:260"
"Oh no! I hit the wall! (Clamping from [x=11.120889, y=5.544445])";"30";"turtlesim3.sim";"1759168352.676483554";"./src/turtle.cpp:update:260"
"Oh no! I hit the wall! (Clamping from [x=11.120889, y=5.544445])";"30";"turtlesim2.sim";"1759168352.685161657";"./src/turtle.cpp:update:260"
"Oh no! I hit the wall! (Clamping from [x=11.120889, y=5.544445])";"30";"turtlesim3.sim";"1759168352.691929151";"./src/turtle.cpp:update:260"
"Oh no! I hit the wall! (Clamping from [x=11.120889, y=5.544445])";"30";"turtlesim2.sim";"1759168352.701605370";"./src/turtle.cpp:update:260"
"Oh no! I hit the wall! (Clamping from [x=11.120889, y=5.544445])";"30";"turtlesim3.sim";"1759168352.708443099";"./src/turtle.cpp:update:260"
"Oh no! I hit the wall! (Clamping from [x=11.120889, y=5.544445])";"30";"turtlesim2.sim";"1759168352.717105601";"./src/turtle.cpp:update:260"
"Oh no! I hit the wall! (Clamping from [x=11.120889, y=5.544445])";"30";"turtlesim3.sim";"1759168352.724875119";"./src/turtle.cpp:update:260"
"Oh no! I hit the wall! (Clamping from [x=11.120889, y=5.544445])";"30";"turtlesim2.sim";"1759168352.733628847";"./src/turtle.cpp:update:260"
"Oh no! I hit the wall! (Clamping from [x=11.120889, y=5.544445])";"30";"turtlesim3.sim";"1759168352.740280368";"./src/turtle.cpp:update:260"
"Oh no! I hit the wall! (Clamping from [x=11.120889, y=5.544445])";"30";"turtlesim2.sim";"1759168352.749097628";"./src/turtle.cpp:update:260"
"Oh no! I hit the wall! (Clamping from [x=11.120889, y=5.544445])";"30";"turtlesim3.sim";"1759168352.756688834";"./src/turtle.cpp:update:260"
"Oh no! I hit the wall! (Clamping from [x=11.120889, y=5.544445])";"30";"turtlesim2.sim";"1759168352.765532484";"./src/turtle.cpp:update:260"
"Oh no! I hit the wall! (Clamping from [x=11.120889, y=5.544445])";"30";"turtlesim3.sim";"1759168352.900767815";"./src/turtle.cpp:update:260"
"Oh no! I hit the wall! (Clamping from [x=11.120889, y=5.544445])";"30";"turtlesim2.sim";"1759168353.005789533";"./src/turtle.cpp:update:260"
"Oh no! I hit the wall! (Clamping from [x=11.120889, y=5.544445])";"30";"turtlesim3.sim";"1759168353.012757519";"./src/turtle.cpp:update:260"
"Oh no! I hit the wall! (Clamping from [x=11.120889, y=5.544445])";"30";"turtlesim2.sim";"1759168353.021256724";"./src/turtle.cpp:update:260"
"Oh no! I hit the wall! (Clamping from [x=11.120889, y=5.544445])";"30";"turtlesim3.sim";"1759168353.028114960";"./src/turtle.cpp:update:260"
"Oh no! I hit the wall! (Clamping from [x=11.120889, y=5.544445])";"30";"turtlesim2.sim";"1759168353.164828729";"./src/turtle.cpp:update:260"
"Oh no! I hit the wall! (Clamping from [x=11.120889, y=5.544445])";"30";"turtlesim2.sim";"1759168353.341225374";"./src/turtle.cpp:update:260"
"Oh no! I hit the wall! (Clamping from [x=11.120889, y=5.544445])";"30";"turtlesim3.sim";"1759168353.348186948";"./src/turtle.cpp:update:260"
"Oh no! I hit the wall! (Clamping from [x=11.120889, y=5.544445])";"30";"turtlesim2.sim";"1759168353.357608063";"./src/turtle.cpp:update:260"
"Oh no! I hit the wall! (Clamping from [x=11.120889, y=5.544445])";"30";"turtlesim3.sim";"1759168353.364544258";"./src/turtle.cpp:update:260"
"Oh no! I hit the wall! (Clamping from [x=11.120889, y=5.544445])";"30";"turtlesim2.sim";"1759168353.373000851";"./src/turtle.cpp:update:260"
"Oh no! I hit the wall! (Clamping from [x=11.120889, y=5.544445])";"30";"turtlesim3.sim";"1759168353.379900767";"./src/turtle.cpp:update:260"
"Oh no! I hit the wall! (Clamping from [x=11.120889, y=5.544445])";"30";"turtlesim2.sim";"1759168353.389379813";"./src/turtle.cpp:update:260"
"Oh no! I hit the wall! (Clamping from [x=11.120889, y=5.544445])";"30";"turtlesim3.sim";"1759168353.396261383";"./src/turtle.cpp:update:260"
"Oh no! I hit the wall! (Clamping from [x=11.120889, y=5.544445])";"30";"turtlesim2.sim";"1759168353.405766760";"./src/turtle.cpp:update:260"
"Oh no! I hit the wall! (Clamping from [x=11.120889, y=5.544445])";"30";"turtlesim3.sim";"1759168353.412645955";"./src/turtle.cpp:update:260"
"Oh no! I hit the wall! (Clamping from [x=11.112445, y=5.544445])";"30";"turtlesim1.sim";"1759168350.739004663";"./src/turtle.cpp:update:260"
"Oh no! I hit the wall! (Clamping from [x=11.112445, y=5.544445])";"30";"turtlesim2.sim";"1759168350.749797416";"./src/turtle.cpp:update:260"
"Oh no! I hit the wall! (Clamping from [x=11.112445, y=5.544445])";"30";"turtlesim3.sim";"1759168350.756605233";"./src/turtle.cpp:update:260"
